## V1  the header tokens, the hashes and the pre-registration, per seed. 0102 asks for "space tank r=26.46 m (2200 m2), depth 45, wall, bed relief 1.5 m tilt 30 m scale 17.6 m (hollows n, ridges n, range x.xx m, steepest nn deg bands nn deg, bound binds|clear)", one simHash, one coreHash, one configHash, physicsJobWorkers 0, the seven bed* fields, worldDepthMetres 45, and prereg.json at the entry's commit.
arm	seed	run directory used	space token	area	matterBudget	founderDepth	current	fluidAccel	dispersal	corpse	dt	driveLimit	physics jobs	field	configHash	simHash	coreHash	physicsJobWorkers	bed* fields in run.json	worldDepthMetres in run.json	worldDepthMetres in config.json	gitCommit	gitDirty	prereg file	prereg commit	status	reason	simulated s	worker
r39-s1	1	2026-09-15-213428-8eab1085	space tank r=26.46 m (2200 m2), depth 45, wall, bed relief 1.5 m tilt 30 m scale 17.64 m (hollows 0, ridges 1, range 1.50 m, steepest 37° bands 16°, bound clear)	area 2200 m2	matterBudget 11000	founderDepth 45 m	current 0.1 m/s transport over 6000 s (cell 30 m unread)	fluidAccel 1	dispersal=5 m	corpse=0.005/s	dt=0.01	driveLimit >0.01	physics jobs 0	field grid h=1 mh=1.8 merge=0.25 cap=100000 q=0.125 cell=1 mcell=5 corpse=0.005/s	8eab10855068b318	353e0dff	96488dec	0	7 of 7 present	ABSENT	45	716e37aa	False	logbook/0102-the-floor-gets-a-shape.md	716e37aa	ended	budget	30000	unity-w2
r39-s2	2	2026-09-15-213503-8eab1085	space tank r=26.46 m (2200 m2), depth 45, wall, bed relief 1.5 m tilt 30 m scale 17.64 m (hollows 3, ridges 1, range 1.50 m, steepest 38° bands 19°, bound clear)	area 2200 m2	matterBudget 11000	founderDepth 45 m	current 0.1 m/s transport over 6000 s (cell 30 m unread)	fluidAccel 1	dispersal=5 m	corpse=0.005/s	dt=0.01	driveLimit >0.01	physics jobs 0	field grid h=1 mh=1.8 merge=0.25 cap=100000 q=0.125 cell=1 mcell=5 corpse=0.005/s	8eab10855068b318	353e0dff	96488dec	0	7 of 7 present	ABSENT	45	125ac58c	False	logbook/0102-the-floor-gets-a-shape.md	716e37aa	ended	budget	30000	unity-w5
r39-s3	3	2026-09-17-085758-8eab1085	space tank r=26.46 m (2200 m2), depth 45, wall, bed relief 1.5 m tilt 30 m scale 17.64 m (hollows 2, ridges 1, range 1.50 m, steepest 40° bands 17°, bound clear)	area 2200 m2	matterBudget 11000	founderDepth 45 m	current 0.1 m/s transport over 6000 s (cell 30 m unread)	fluidAccel 1	dispersal=5 m	corpse=0.005/s	dt=0.01	driveLimit >0.01	physics jobs 0	field grid h=1 mh=1.8 merge=0.25 cap=100000 q=0.125 cell=1 mcell=5 corpse=0.005/s	8eab10855068b318	353e0dff	96488dec	0	7 of 7 present	ABSENT	45	84d9b719	False	logbook/0102-the-floor-gets-a-shape.md	39582c4e	ended	budget	30000	unity-w3
r39-s4	4	2026-09-17-085833-8eab1085	space tank r=26.46 m (2200 m2), depth 45, wall, bed relief 1.5 m tilt 30 m scale 17.64 m (hollows 3, ridges 2, range 1.50 m, steepest 38° bands 18°, bound clear)	area 2200 m2	matterBudget 11000	founderDepth 45 m	current 0.1 m/s transport over 6000 s (cell 30 m unread)	fluidAccel 1	dispersal=5 m	corpse=0.005/s	dt=0.01	driveLimit >0.01	physics jobs 0	field grid h=1 mh=1.8 merge=0.25 cap=100000 q=0.125 cell=1 mcell=5 corpse=0.005/s	8eab10855068b318	353e0dff	96488dec	0	7 of 7 present	ABSENT	45	84d9b719	False	logbook/0102-the-floor-gets-a-shape.md	39582c4e	ended	budget	30000	unity-w4
r39-s5	5	2026-09-17-085303-8eab1085	space tank r=26.46 m (2200 m2), depth 45, wall, bed relief 1.5 m tilt 30 m scale 17.64 m (hollows 0, ridges 0, range 1.50 m, steepest 38° bands 17°, bound clear)	area 2200 m2	matterBudget 11000	founderDepth 45 m	current 0.1 m/s transport over 6000 s (cell 30 m unread)	fluidAccel 1	dispersal=5 m	corpse=0.005/s	dt=0.01	driveLimit >0.01	physics jobs 0	field grid h=1 mh=1.8 merge=0.25 cap=100000 q=0.125 cell=1 mcell=5 corpse=0.005/s	8eab10855068b318	353e0dff	96488dec	0	7 of 7 present	ABSENT	45	f46fb7de	False	logbook/0102-the-floor-gets-a-shape.md	39582c4e	ended	budget	30000	unity-w2

## V2 to V5, checked on every row of every seed
arm	rows	audit rows not 0.0000%	mat resid rows not 0	wraps rows not 0	max wraps	diverged at end	divergedTotal in run.json	dumps on disk	trace files	dumps naming the bed	max |mat orphan|	rows with mat orphan != 0	status	reason	crowded at end	stillb at end
r39-s1	300	0	0	0	0	0	0	0	0	0	0.001	99	ended	budget	0	208
r39-s2	300	0	0	0	0	0	0	0	0	0	0.001	86	ended	budget	0	2
r39-s3	300	0	0	0	0	0	0	0	0	0	0.002	204	ended	budget	0	58
r39-s4	300	0	0	0	0	0	0	0	0	0	0	0	ended	budget	0	1170
r39-s5	300	0	0	0	0	0	0	0	0	0	0.001	217	ended	budget	0	2556
