## The run report at every 1,000 s, by column NAME. The last row of each seed is its own last sample (16,400 / 12,200 / 14,300 s).
arm	t	alive	births	cols	cols abs	x sd	p0	p1	p2	p3	absorpt	inherit	jnt inh	photo	photo inh	shade %	depth m	mean m/s	diverged	wraps	crowded	stillb	mat blk	mat short	audit	mat resid	det cv	mat cv	det deep	corpses	floor J	floor low %	mat locked	adult scale	invest	brood	body frac	jointed
r40-s1	1000	288	283	262/2211	0/2211	10.37	86	83	78	41	0	0	78	288	278	1.5%	-3.5	0.0591	0	0	0	0	28780	0	0.0000%	0	1.573	0.205	0.0631	148	266.3	5.9%	5452.712	0.863	0.525	2.337	0.947	86
r40-s1	2000	753	754	579/2211	0/2211	11.39	213	192	206	142	0	0	81	751	741	3%	-5.3	0.0748	0	0	0	0	102769	0	0.0000%	0	1.309	0.072	0.138	154	388.6	16.9%	7759.674	0.657	0.599	2.154	0.997	94
r40-s1	3000	1255	1355	863/2211	0/2211	14.74	105	247	476	427	0	0	62	1254	1246	2.5%	-8.1	0.0464	0	0	0	1	147235	0	0.0000%	0	0.718	0.082	0.4942	253	917.1	10.9%	7924.339	0.508	0.643	2.033	0.996	74
r40-s1	4000	1808	2077	1177/2211	1/2211	13.73	449	486	406	467	1	0	39	1805	1800	2.8%	-7.8	0.0995	0	0	0	7	205859	0	0.0000%	0	0.493	0.075	0.9657	283	1877	18.3%	8074.052	0.424	0.666	1.973	0.986	48
r40-s1	5000	2249	2859	1329/2211	1/2211	13.76	676	492	452	629	1	0	18	2247	2244	2.6%	-9.8	0.0636	0	0	0	15	247280	0	0.0000%	0	0.337	0.056	1.3258	612	3169.1	17%	8121.358	0.383	0.677	1.933	0.989	25
r40-s1	6000	2460	3526	1425/2211	2/2211	14.56	382	536	782	760	2	0	10	2457	2455	2.6%	-11.2	0.0353	0	0	0	39	265773	0	0.0000%	0	0.231	0.035	2.1033	995	4646.8	16.5%	8089.559	0.36	0.681	1.914	0.995	14
r40-s1	7000	2490	4243	1450/2211	3/2211	13.63	539	707	659	585	3	0	8	2486	2485	2.4%	-12.5	0.0818	0	0	0	67	251869	0	0.0000%	0	0.146	0.058	2.1301	1515	6165.9	18.1%	7930.18	0.345	0.682	1.895	0.989	10
r40-s1	8000	2464	5084	1366/2211	3/2211	13.83	464	641	705	654	3	0	5	2460	2459	2.3%	-14	0.0638	0	0	0	92	231694	0	0.0000%	0	0.087	0.056	2.6304	2023	7415.2	18.9%	7706.96	0.335	0.683	1.887	0.989	7
r40-s1	9000	2449	6180	1381/2211	3/2211	14.50	324	479	840	806	3	0	4	2445	2444	2.1%	-14	0.0653	0	0	0	118	208339	0	0.0000%	0	0.08	0.101	3.1741	2690	8306.8	20.7%	7647.37	0.328	0.681	1.882	0.984	5
r40-s1	10000	2405	7207	1412/2211	5/2211	13.75	517	542	561	785	5	0	1	2400	2399	2%	-13.5	0.0686	0	0	0	131	189468	0	0.0000%	0	0.101	0.058	3.1197	3067	9188.5	21.6%	7520.924	0.321	0.683	1.878	0.991	1
r40-s1	11000	2436	8240	1399/2211	24/2211	13.57	460	613	656	707	24	19	0	2412	2412	1.9%	-13.1	0.0779	0	0	0	157	186839	0	0.0000%	0	0.127	0.102	3.4117	3184	10142.1	20.7%	7697.45	0.317	0.683	1.875	0.981	0
r40-s1	12000	2381	9363	1401/2211	50/2211	13.83	391	602	692	696	51	44	0	2329	2329	1.6%	-15	0.0802	0	0	0	178	176323	0	0.0000%	0	0.147	0.08	3.8527	3266	10804.6	21.4%	7533.265	0.313	0.684	1.891	0.974	0
r40-s1	13000	2466	10193	1435/2211	114/2211	13.14	532	622	635	677	117	110	0	2348	2348	1.6%	-14.9	0.0693	0	0	0	201	156254	0	0.0000%	0	0.161	0.067	3.3605	2922	10273.4	23.9%	7903.105	0.314	0.686	1.899	0.984	0
r40-s1	14000	2485	10886	1414/2211	194/2211	13.97	470	592	663	760	215	208	0	2268	2268	1.6%	-15.6	0.0728	0	0	0	215	156224	0	0.0000%	0	0.176	0.066	3.2464	2601	10175.6	24.4%	7985.159	0.315	0.686	1.924	0.986	0
r40-s1	15000	2493	11546	1442/2211	282/2211	13.34	553	618	638	684	299	294	0	2192	2192	1.6%	-16.6	0.0882	0	0	0	237	171117	0	0.0000%	0	0.166	0.027	3.2951	2069	9834.1	23.6%	7976.928	0.317	0.686	1.953	0.989	0
r40-s1	16000	2487	12423	1457/2211	378/2211	13.56	588	566	622	711	416	409	0	2069	2069	1.5%	-17.7	0.0671	0	0	0	263	160312	0	0.0000%	0	0.17	0.041	3.1568	2214	8770.5	23.9%	7924.707	0.321	0.687	2.006	0.99	0
r40-s1	16400	2490	12759	1466/2211	423/2211	13.48	615	595	693	587	477	470	0	2011	2011	1.6%	-18.2	0.0663	0	0	0	274	154462	0	0.0000%	0	0.164	0.048	2.3355	2251	7969.5	24.5%	7935.356	0.324	0.687	2.041	0.992	0
r40-s2	1000	311	301	233/2211	0/2211	8.91	7	69	139	96	0	0	209	298	281	1.2%	-1.6	0.0147	0	0	0	0	26381	0	0.0000%	0	2.326	0.167	0.1725	202	273.8	5.9%	2993.635	0.577	0.577	1.662	0.974	225
r40-s2	2000	1375	1398	829/2211	0/2211	12.22	225	391	345	414	0	0	570	1364	1351	3.4%	-2.6	0.0694	1	0	0	0	198633	0	0.0000%	0	1.956	0.138	0.201	235	399.9	15%	7669.723	0.455	0.556	1.704	0.994	595
r40-s2	3000	1789	1893	1044/2211	0/2211	12.42	519	272	370	628	0	0	570	1782	1776	3.7%	-4.2	0.0595	1	0	0	5	284116	0	0.0000%	0	1.19	0.066	0.4468	316	791.9	15.4%	8245.4	0.421	0.544	1.706	0.996	590
r40-s2	4000	2095	2267	1111/2211	0/2211	12.50	204	495	610	786	0	0	552	2090	2086	3.6%	-5.7	0.0698	1	0	0	14	337140	0	0.0000%	0	0.801	0.035	0.7178	216	1656.8	16.3%	8328.854	0.399	0.536	1.667	0.995	570
r40-s2	5000	2360	2827	1289/2211	1/2211	13.42	276	493	829	762	1	0	528	2354	2352	3.4%	-8.2	0.0578	1	0	0	25	350637	0	0.0000%	0	0.477	0.067	1.5955	457	3410.9	13.7%	8233.5	0.385	0.532	1.632	0.991	544
r40-s2	6000	2544	3425	1393/2211	0/2211	13.54	597	508	609	830	1	0	501	2539	2537	3.5%	-8.8	0.0418	1	0	0	36	359343	0	0.0000%	0	0.381	0.036	2.5856	785	5231.3	16%	8123.408	0.378	0.53	1.635	0.992	516
r40-s2	7000	2553	4064	1308/2211	1/2211	13.96	263	521	921	848	1	0	476	2548	2547	3.4%	-9.5	0.0522	1	0	0	56	347900	0	0.0000%	0	0.271	0.05	3.5829	1346	7077	18.1%	7961.724	0.373	0.53	1.616	0.993	490
r40-s2	8000	2519	4813	1349/2211	2/2211	13.92	366	587	768	798	2	1	446	2513	2512	3.3%	-8.9	0.0662	1	0	0	73	333545	0	0.0000%	0	0.197	0.064	3.4276	1832	8567	22.5%	7799.09	0.368	0.528	1.585	0.995	460
r40-s2	9000	2503	5709	1352/2211	3/2211	12.73	492	546	679	786	3	2	391	2496	2495	3%	-8.8	0.0482	1	0	0	89	316450	0	0.0000%	0	0.15	0.066	3.9177	2321	9567.7	22.7%	7768.935	0.362	0.525	1.573	0.982	402
r40-s2	10000	2507	6456	1311/2211	5/2211	13.67	286	546	795	880	5	4	360	2499	2498	3%	-8.8	0.0376	1	0	0	111	309170	0	0.0000%	0	0.148	0.052	4.7805	2439	11306.4	23%	7806.934	0.361	0.522	1.575	0.988	368
r40-s2	11000	2513	7182	1359/2211	5/2211	13.31	401	617	703	792	5	4	314	2506	2505	2.9%	-8.5	0.0584	1	0	0	130	306073	0	0.0000%	0	0.142	0.068	4.6149	2384	12589.5	23.7%	7851.492	0.355	0.517	1.544	0.989	321
r40-s2	12000	2501	7863	1304/2211	8/2211	13.11	388	422	890	801	8	5	277	2491	2491	2.7%	-10.3	0.0642	1	0	0	153	282069	0	0.0000%	0	0.139	0.069	4.8689	2159	13556	23.8%	7824.071	0.35	0.514	1.537	0.988	283
r40-s2	12200	2503	8021	1365/2211	10/2211	12.64	560	650	648	645	10	7	267	2491	2491	2.7%	-9.8	0.0689	1	0	0	160	277858	0	0.0000%	0	0.141	0.07	5.0571	2176	13786.4	24.1%	7826.06	0.349	0.514	1.535	0.986	273
r40-s3	1000	430	471	375/2211	0/2211	11.43	146	90	86	108	0	0	190	430	420	2.5%	-4	0.0534	0	0	0	0	44685	0	0.0000%	0	1.821	0.22	0.1044	148	221.2	5.8%	5520.623	0.711	0.534	2.23	0.989	197
r40-s3	2000	1035	1231	785/2211	0/2211	13.64	192	314	318	211	0	0	297	1033	1025	3.3%	-4.8	0.043	0	0	0	0	150692	0	0.0000%	0	1.244	0.124	0.6255	303	1153.6	12.2%	7647.135	0.553	0.545	2.26	0.994	302
r40-s3	3000	1476	1912	931/2211	0/2211	11.10	695	273	264	244	0	0	273	1473	1466	3.4%	-7.2	0.0371	0	0	0	0	225363	0	0.0000%	0	0.862	0.081	1.8756	543	2214.9	19.2%	7925.302	0.481	0.55	2.322	0.991	278
r40-s3	4000	1854	2513	1152/2211	2/2211	13.70	335	514	548	457	2	1	252	1849	1844	3.5%	-5.8	0.0623	0	0	0	3	276178	0	0.0000%	0	0.674	0.076	1.0638	639	2815	17.7%	8079.353	0.449	0.552	2.36	0.992	256
r40-s3	5000	2209	3165	1290/2211	3/2211	13.40	392	532	712	573	3	2	237	2202	2198	3.9%	-6.8	0.0495	0	0	0	7	325669	0	0.0000%	0	0.553	0.061	1.9744	790	4058	17.2%	8119.365	0.422	0.555	2.391	0.992	240
r40-s3	6000	2433	3699	1399/2211	12/2211	13.21	425	737	698	573	12	10	217	2416	2414	3.9%	-6.7	0.0439	0	0	0	17	365063	0	0.0000%	0	0.446	0.056	2.4417	854	5512.7	17.7%	8164.811	0.408	0.555	2.413	0.995	219
r40-s3	7000	2523	4063	1313/2211	36/2211	13.11	254	801	820	648	37	35	200	2481	2480	3.7%	-8	0.0715	0	0	0	24	372386	0	0.0000%	0	0.3	0.019	2.6942	894	7176.3	18.5%	8204.709	0.4	0.554	2.432	0.993	201
r40-s3	8000	2528	4654	1371/2211	63/2211	11.97	854	647	530	497	65	62	188	2458	2458	3.2%	-10.6	0.0759	0	0	0	39	364624	0	0.0000%	0	0.165	0.033	3.2128	1184	8951.4	19.3%	8038.422	0.395	0.554	2.439	0.987	188
r40-s3	9000	2543	5370	1414/2211	108/2211	12.92	497	602	718	726	111	107	167	2428	2428	3.2%	-11.4	0.0812	0	0	0	51	350608	0	0.0000%	0	0.115	0.041	3.6443	1573	10266.5	20.4%	7973.108	0.387	0.554	2.454	0.986	167
r40-s3	10000	2575	6015	1416/2211	214/2211	13.58	445	566	802	762	228	223	154	2343	2343	3%	-13.5	0.0594	0	0	0	65	334626	0	0.0000%	0	0.115	0.024	3.675	1910	11261.3	21.2%	8077.091	0.379	0.552	2.476	0.994	154
r40-s3	11000	2586	6628	1479/2211	336/2211	12.98	701	623	592	670	376	371	137	2206	2206	2.8%	-14.4	0.0623	0	0	0	75	333289	0	0.0000%	0	0.138	0.033	3.524	1919	11373.6	23.9%	8133.539	0.374	0.549	2.495	0.991	137
r40-s3	12000	2587	7234	1470/2211	463/2211	13.68	529	580	719	759	541	536	116	2042	2042	2.8%	-15.6	0.078	0	0	0	87	334723	0	0.0000%	0	0.138	0.018	3.9302	1820	10164.4	24.1%	8175.629	0.369	0.545	2.523	0.994	116
r40-s3	13000	2583	7721	1459/2211	601/2211	13.58	514	604	713	752	715	708	96	1864	1864	2.6%	-16.9	0.0673	0	0	0	93	334001	0	0.0000%	0	0.141	0.034	2.8026	1705	8645.5	25%	8180.416	0.363	0.542	2.554	0.994	96
r40-s3	14000	2598	8171	1490/2211	719/2211	12.85	658	668	634	638	873	865	86	1722	1722	2.6%	-17.7	0.0592	0	0	0	97	326948	0	0.0000%	0	0.163	0.064	1.8872	1536	6333.7	27.3%	8221.433	0.359	0.539	2.584	0.995	86
r40-s3	14300	2599	8306	1470/2211	749/2211	13.14	655	654	637	653	921	913	83	1675	1675	2.6%	-17.6	0.0724	0	0	0	100	319114	0	0.0000%	0	0.169	0.029	1.8763	1449	5980.4	27.4%	8214.099	0.358	0.538	2.592	0.992	83
