## M1 candidate 1  the ring a child is born into (lineage `pt`, founders excluded) against the ring the standing crowd is in (report p0..p3), in windows of 2000 s
arm	window	births	b0	b1	b2	b3	birth s3	crowd s3	birth s0+s1	crowd s0+s1	birth mean ring	crowd mean ring
r37-s1	0-2000	372	135	122	68	47	0.126	0.670	0.691	0.130	1.073	2.499
r37-s1	2000-4000	492	176	164	92	60	0.122	0.705	0.691	0.089	1.073	2.589
r37-s1	4000-6000	801	356	252	131	62	0.077	0.707	0.759	0.113	0.874	2.565
r37-s1	6000-8000	1175	452	368	234	121	0.103	0.684	0.698	0.117	1.020	2.529
r37-s1	8000-10000	2382	1051	698	411	222	0.093	0.674	0.734	0.157	0.918	2.470
r37-s1	10000-12000	769	252	216	196	105	0.137	0.737	0.609	0.121	1.200	2.575
r37-s1	12000-14000	410	171	119	84	36	0.088	0.762	0.707	0.066	0.963	2.690
r37-s1	14000-16000	417	193	152	51	21	0.050	0.752	0.827	0.061	0.760	2.670
r37-s1	16000-18000	1200	431	315	263	191	0.159	0.671	0.622	0.158	1.178	2.478
r37-s1	18000-20000	3263	1286	884	645	448	0.137	0.561	0.665	0.233	1.078	2.274
r37-s1	20000-22000	685	216	200	171	98	0.143	0.655	0.607	0.167	1.220	2.436
r37-s1	22000-24000	412	149	155	79	29	0.070	0.754	0.738	0.049	0.971	2.696
r37-s1	24000-26000	386	168	123	76	19	0.049	0.726	0.754	0.071	0.860	2.640
r37-s1	26000-28000	3340	1312	1067	657	304	0.091	0.622	0.712	0.146	0.986	2.435
r37-s1	28000-30000	1360	440	387	290	243	0.179	0.662	0.608	0.176	1.247	2.422
r37-s2	0-2000	546	247	175	60	64	0.117	0.559	0.773	0.176	0.892	2.330
r37-s2	2000-4000	958	390	269	178	121	0.126	0.631	0.688	0.155	1.031	2.443
r37-s2	4000-6000	854	353	275	146	80	0.094	0.697	0.735	0.114	0.945	2.547
r37-s2	6000-8000	3275	1251	959	678	387	0.118	0.677	0.675	0.142	1.061	2.486
r37-s2	8000-10000	2534	864	638	556	476	0.188	0.570	0.593	0.269	1.254	2.188
r37-s2	10000-12000	435	152	125	119	39	0.090	0.832	0.637	0.072	1.103	2.737
r37-s2	12000-14000	279	119	80	60	20	0.072	0.772	0.713	0.083	0.932	2.661
r37-s2	14000-16000	227	79	49	67	32	0.141	0.758	0.564	0.104	1.229	2.629
r37-s2	16000-18000	1659	569	442	399	249	0.150	0.564	0.609	0.228	1.198	2.278
r37-s2	18000-20000	3477	1101	907	794	675	0.194	0.506	0.578	0.306	1.300	2.081
r37-s2	20000-22000	700	228	196	178	98	0.140	0.823	0.606	0.059	1.209	2.751
r37-s2	22000-24000	325	130	97	67	31	0.095	0.779	0.698	0.056	0.997	2.713
r37-s2	24000-26000	1433	478	403	347	205	0.143	0.673	0.615	0.136	1.195	2.499
r37-s2	26000-28000	3066	1021	800	710	535	0.174	0.458	0.594	0.321	1.248	2.026
r37-s2	28000-30000	1445	471	381	337	256	0.177	0.714	0.590	0.126	1.262	2.564
r37-s3	0-2000	701	321	174	115	91	0.130	0.639	0.706	0.166	0.966	2.415
r37-s3	2000-4000	283	106	94	49	34	0.120	0.684	0.707	0.089	1.039	2.571
r37-s3	4000-6000	2423	933	687	452	351	0.145	0.637	0.669	0.198	1.091	2.362
r37-s3	6000-8000	751	268	208	163	112	0.149	0.647	0.634	0.176	1.158	2.420
r37-s3	8000-10000	717	268	203	149	97	0.135	0.768	0.657	0.083	1.105	2.660
r37-s3	10000-12000	470	225	167	57	21	0.045	0.722	0.834	0.073	0.732	2.636
r37-s3	12000-14000	486	225	162	69	30	0.062	0.712	0.796	0.082	0.802	2.615
r37-s3	14000-16000	2613	1068	767	519	259	0.099	0.619	0.702	0.173	0.988	2.398
r37-s3	16000-18000	2275	785	607	491	392	0.172	0.560	0.612	0.261	1.215	2.204
r37-s3	18000-20000	406	154	151	60	41	0.101	0.758	0.751	0.055	0.970	2.691
r37-s3	20000-22000	503	276	152	50	25	0.050	0.645	0.851	0.082	0.650	2.553
r37-s3	22000-24000	986	384	301	179	122	0.124	0.708	0.695	0.112	1.040	2.574
r37-s3	24000-26000	1941	780	494	371	296	0.152	0.580	0.656	0.208	1.094	2.319
r37-s3	26000-28000	3433	1182	988	712	551	0.161	0.604	0.632	0.223	1.184	2.287
r37-s3	28000-30000	1196	460	321	189	226	0.189	0.659	0.653	0.142	1.151	2.471
r37-s4	0-2000	979	344	301	205	129	0.132	0.630	0.659	0.142	1.122	2.450
r37-s4	2000-4000	691	277	221	136	57	0.082	0.699	0.721	0.109	0.961	2.559
r37-s4	4000-6000	592	203	181	129	79	0.133	0.705	0.649	0.119	1.142	2.562
r37-s4	6000-8000	1498	475	405	363	255	0.170	0.578	0.587	0.219	1.266	2.308
r37-s4	8000-10000	2335	833	589	504	409	0.175	0.501	0.609	0.306	1.209	2.065
r37-s4	10000-12000	841	277	226	227	111	0.132	0.750	0.598	0.102	1.205	2.623
r37-s4	12000-14000	404	119	143	96	46	0.114	0.761	0.649	0.079	1.171	2.666
r37-s4	14000-16000	1974	595	577	455	347	0.176	0.613	0.594	0.167	1.281	2.410
r37-s4	16000-18000	3422	1274	917	718	513	0.150	0.530	0.640	0.260	1.137	2.167
r37-s4	18000-20000	853	286	218	202	147	0.172	0.712	0.591	0.135	1.246	2.547
r37-s4	20000-22000	530	213	152	115	50	0.094	0.807	0.689	0.051	1.004	2.744
r37-s4	22000-24000	279	111	84	54	30	0.108	0.735	0.699	0.092	1.011	2.634
r37-s4	24000-26000	687	265	217	130	75	0.109	0.661	0.702	0.129	1.022	2.507
r37-s4	26000-28000	2616	876	666	616	458	0.175	0.536	0.589	0.294	1.251	2.111
r37-s4	28000-30000	1316	385	386	325	220	0.167	0.816	0.586	0.075	1.289	2.722
r37-s5	0-2000	651	289	220	78	64	0.098	0.715	0.782	0.105	0.873	2.572
r37-s5	2000-4000	2490	1030	680	443	337	0.135	0.586	0.687	0.241	1.035	2.249
r37-s5	4000-6000	1108	404	307	228	169	0.153	0.745	0.642	0.122	1.146	2.589
r37-s5	6000-8000	831	302	241	183	105	0.126	0.826	0.653	0.051	1.110	2.762
r37-s5	8000-10000	354	135	115	65	39	0.110	0.742	0.706	0.089	1.023	2.646
r37-s5	10000-12000	708	272	201	144	91	0.129	0.688	0.668	0.116	1.076	2.548
r37-s5	12000-14000	3015	965	848	668	534	0.177	0.588	0.601	0.271	1.256	2.200
r37-s5	14000-16000	2042	601	542	527	372	0.182	0.820	0.560	0.074	1.328	2.725
r37-s5	16000-18000	286	99	80	70	37	0.129	0.804	0.626	0.053	1.157	2.737
r37-s5	18000-20000	421	153	115	90	63	0.150	0.783	0.637	0.108	1.150	2.637
r37-s5	20000-22000	1600	523	399	363	315	0.197	0.629	0.576	0.207	1.294	2.355
r37-s5	22000-24000	2699	880	736	610	473	0.175	0.610	0.599	0.220	1.250	2.326
r37-s5	24000-26000	2943	976	813	663	491	0.167	0.583	0.608	0.237	1.227	2.260
r37-s5	26000-28000	540	191	164	139	46	0.085	0.796	0.657	0.087	1.074	2.694
r37-s5	28000-30000	205	88	60	41	16	0.078	0.765	0.722	0.075	0.927	2.669

## M1 candidate 1  whole run
arm	births	birth rim share	crowd rim share	birth mean ring	crowd mean ring
r37-s1	17464	0.115	0.691	1.038	2.537
r37-s2	21213	0.154	0.680	1.178	2.483
r37-s3	19184	0.138	0.656	1.077	2.469
r37-s4	19017	0.154	0.671	1.189	2.476
r37-s5	19893	0.158	0.716	1.186	2.540
