## Radial drift, r37b: for every body present in two consecutive samples (100 s apart), the change in its distance from the axis, binned by the starting radius. Positive is outward. Averaged over the whole run.
 The fully-mixed bound is what a body starting in the bin would drift if its place 100 s later were drawn from the whole crowd (the sample's own mean r, less r0): a stationary disc CANNOT read zero in a bin away from the mean radius, so the bound, not zero, is what a well-mixed world looks like in this statistic. "all radii pooled" is the net flux and is zero at a stationary distribution.
arm	r bin (m)	body pairs	mean dr (m per 100 s)	median dr	share moving outward	fully-mixed bound	observed / bound
r37b-s1	0.00-1.00	10526	3.3587	3.7233	0.986	3.0381	1.106
r37b-s1	1.00-2.00	37662	2.1945	2.3906	0.929	2.1552	1.018
r37b-s1	2.00-3.00	66827	1.0670	1.1136	0.782	1.1839	0.901
r37b-s1	3.00-4.00	94317	0.1093	0.2200	0.570	0.1953	0.560
r37b-s1	4.00-5.00	119975	-0.7460	-0.4472	0.336	-0.7931	0.941
r37b-s1	5.00-5.64	74856	-1.4539	-1.0566	0.145	-1.5574	0.934
r37b-s1	all radii pooled	404163	0.0032	0.0024	0.501	0.0000	-
r37b-s2	0.00-1.00	11385	3.4579	3.8605	0.989	3.0258	1.143
r37b-s2	1.00-2.00	42016	2.2592	2.4917	0.935	2.1441	1.054
r37b-s2	2.00-3.00	74967	1.0870	1.1394	0.787	1.1727	0.927
r37b-s2	3.00-4.00	106308	0.0971	0.1946	0.563	0.1873	0.518
r37b-s2	4.00-5.00	133354	-0.7789	-0.4963	0.329	-0.8031	0.970
r37b-s2	5.00-5.64	80761	-1.4993	-1.1219	0.135	-1.5609	0.961
r37b-s2	all radii pooled	448791	0.0025	-0.0010	0.500	0.0000	-
r37b-s3	0.00-1.00	12074	3.4226	3.8182	0.986	3.0371	1.127
r37b-s3	1.00-2.00	42117	2.2406	2.4664	0.933	2.1493	1.042
r37b-s3	2.00-3.00	74530	1.0844	1.1476	0.786	1.1809	0.918
r37b-s3	3.00-4.00	105395	0.1021	0.2053	0.566	0.1924	0.531
r37b-s3	4.00-5.00	133640	-0.7698	-0.4632	0.335	-0.7974	0.965
r37b-s3	5.00-5.64	82786	-1.4858	-1.1023	0.138	-1.5609	0.952
r37b-s3	all radii pooled	450542	0.0031	0.0018	0.501	0.0000	-
r37b-s4	0.00-1.00	11692	3.3692	3.7278	0.985	3.0155	1.117
r37b-s4	1.00-2.00	43027	2.2042	2.4095	0.930	2.1365	1.032
r37b-s4	2.00-3.00	75040	1.0542	1.0923	0.780	1.1625	0.907
r37b-s4	3.00-4.00	105925	0.0889	0.1847	0.559	0.1802	0.493
r37b-s4	4.00-5.00	130473	-0.7773	-0.4891	0.332	-0.8108	0.959
r37b-s4	5.00-5.64	81331	-1.4753	-1.0939	0.133	-1.5765	0.936
r37b-s4	all radii pooled	447508	0.0030	-0.0001	0.500	0.0000	-
r37b-s5	0.00-1.00	10984	3.4755	3.8288	0.989	3.0396	1.143
r37b-s5	1.00-2.00	38738	2.2181	2.3876	0.938	2.1562	1.029
r37b-s5	2.00-3.00	68004	1.0306	1.0727	0.774	1.1872	0.868
r37b-s5	3.00-4.00	94805	0.0796	0.1792	0.555	0.1994	0.399
r37b-s5	4.00-5.00	118553	-0.7585	-0.4587	0.345	-0.7910	0.959
r37b-s5	5.00-5.64	78550	-1.4069	-0.9705	0.146	-1.5690	0.897
r37b-s5	all radii pooled	409634	0.0032	0.0001	0.500	0.0000	-

## Control: the same statistic on round 37 (the drag-only tank, 0094)
arm	r bin (m)	body pairs	mean dr (m per 100 s)	median dr	share moving outward	fully-mixed bound	observed / bound
r37-s1	0.00-1.00	302	3.1078	3.6980	0.960	4.1170	0.755
r37-s1	1.00-2.00	1750	2.8073	3.4304	0.951	3.0882	0.909
r37-s1	2.00-3.00	8389	2.1768	2.5585	0.923	2.1383	1.018
r37-s1	3.00-4.00	21927	1.2527	1.5087	0.896	1.1871	1.055
r37-s1	4.00-5.00	64836	0.1763	0.2774	0.672	0.2944	0.599
r37-s1	5.00-5.64	178800	-0.3002	-0.0433	0.339	-0.4059	0.739
r37-s1	all radii pooled	276004	0.0338	-0.0026	0.484	0.0000	-
r37-s2	0.00-1.00	1007	2.4296	2.5069	0.888	3.8596	0.630
r37-s2	1.00-2.00	4117	2.2768	2.7911	0.892	2.6935	0.845
r37-s2	2.00-3.00	17790	1.8894	2.4748	0.860	1.8818	1.004
r37-s2	3.00-4.00	37259	1.1022	1.4419	0.834	1.0619	1.038
r37-s2	4.00-5.00	84987	0.1437	0.3140	0.662	0.2147	0.669
r37-s2	5.00-5.64	262180	-0.3367	-0.0696	0.332	-0.4154	0.811
r37-s2	all radii pooled	407340	0.0256	-0.0080	0.477	0.0000	-
r37-s3	0.00-1.00	503	3.5024	4.4260	0.974	3.8345	0.913
r37-s3	1.00-2.00	2464	2.6451	3.3211	0.922	2.8475	0.929
r37-s3	2.00-3.00	9704	1.9568	2.4561	0.883	1.9570	1.000
r37-s3	3.00-4.00	23104	1.1024	1.3551	0.856	1.1152	0.989
r37-s3	4.00-5.00	62361	0.1043	0.2401	0.642	0.2462	0.424
r37-s3	5.00-5.64	154836	-0.3032	-0.0565	0.332	-0.4562	0.665
r37-s3	all radii pooled	252972	0.0486	-0.0028	0.485	0.0000	-
r37-s4	0.00-1.00	745	2.7896	3.1941	0.932	3.8225	0.730
r37-s4	1.00-2.00	4210	2.3183	2.9138	0.887	2.6786	0.865
r37-s4	2.00-3.00	17656	1.7912	2.3954	0.846	1.8826	0.951
r37-s4	3.00-4.00	40744	1.0597	1.3524	0.828	1.0720	0.989
r37-s4	4.00-5.00	93377	0.1174	0.2819	0.646	0.2176	0.539
r37-s4	5.00-5.64	268795	-0.3312	-0.0680	0.337	-0.4267	0.776
r37-s4	all radii pooled	425527	0.0202	-0.0077	0.479	0.0000	-
r37-s5	0.00-1.00	444	3.2890	3.9226	0.993	3.7641	0.874
r37-s5	1.00-2.00	3299	2.6775	3.4315	0.921	2.7259	0.982
r37-s5	2.00-3.00	15742	1.9982	2.5772	0.870	1.9393	1.030
r37-s5	3.00-4.00	32291	1.1480	1.4868	0.840	1.1021	1.042
r37-s5	4.00-5.00	74240	0.1494	0.2977	0.671	0.2544	0.587
r37-s5	5.00-5.64	268103	-0.3020	-0.0478	0.353	-0.3692	0.818
r37-s5	all radii pooled	394119	0.0227	-0.0044	0.479	0.0000	-
