## Radial histogram, r37b (eight shells of EQUAL AREA, so a uniform disc reads 0.125 in every one; r/R bounds sqrt(k/8))
arm	t	n	shell0	shell1	shell2	shell3	shell4	shell5	shell6	shell7	f0	f1	f2	f3	f4	f5	f6	f7	mean r	sd r	median r	mean R-r (m to glass)	n within 0.5 m of glass	share within 0.5 m	n within 1 m	share within 1 m	mean depth	sd depth
r37b-s1	5000	987	135	139	133	134	121	133	124	68	0.137	0.141	0.135	0.136	0.123	0.135	0.126	0.069	3.616	1.299	3.814	2.026	110	0.111	267	0.271	-16.85	11.33
r37b-s1	15000	1745	171	206	214	232	259	230	226	207	0.098	0.118	0.123	0.133	0.148	0.132	0.130	0.119	3.859	1.231	4.079	1.783	284	0.163	568	0.326	-19.80	11.19
r37b-s1	30000	1674	227	256	218	212	201	184	197	179	0.136	0.153	0.130	0.127	0.120	0.110	0.118	0.107	3.635	1.326	3.798	2.007	250	0.149	485	0.290	-18.73	12.28
r37b-s2	5000	1425	166	184	212	181	155	203	192	132	0.116	0.129	0.149	0.127	0.109	0.142	0.135	0.093	3.732	1.272	3.899	1.910	204	0.143	446	0.313	-16.56	9.51
r37b-s2	15000	1713	188	233	202	235	225	249	214	167	0.110	0.136	0.118	0.137	0.131	0.145	0.125	0.097	3.766	1.257	3.989	1.876	247	0.144	523	0.305	-21.94	11.51
r37b-s2	30000	1735	190	222	207	243	240	218	224	191	0.110	0.128	0.119	0.140	0.138	0.126	0.129	0.110	3.788	1.265	4.007	1.854	278	0.160	540	0.311	-21.84	13.35
r37b-s3	5000	1114	118	140	141	164	145	139	146	121	0.106	0.126	0.127	0.147	0.130	0.125	0.131	0.109	3.793	1.246	3.979	1.849	171	0.154	356	0.320	-14.97	11.26
r37b-s3	15000	1764	248	237	240	228	216	249	198	148	0.141	0.134	0.136	0.129	0.122	0.141	0.112	0.084	3.632	1.303	3.842	2.010	218	0.124	485	0.275	-21.73	14.32
r37b-s3	30000	1840	175	205	238	243	282	266	234	197	0.095	0.111	0.129	0.132	0.153	0.145	0.127	0.107	3.853	1.225	4.106	1.789	275	0.149	583	0.317	-20.72	12.09
r37b-s4	5000	1005	146	118	122	134	145	118	127	95	0.145	0.117	0.121	0.133	0.144	0.117	0.126	0.095	3.679	1.310	3.907	1.963	148	0.147	282	0.281	-16.26	9.93
r37b-s4	15000	1818	227	227	238	273	231	223	232	167	0.125	0.125	0.131	0.150	0.127	0.123	0.128	0.092	3.705	1.274	3.885	1.937	241	0.133	516	0.284	-21.44	13.19
r37b-s4	30000	1782	215	255	244	232	208	231	239	158	0.121	0.143	0.137	0.130	0.117	0.130	0.134	0.089	3.694	1.274	3.841	1.948	232	0.130	531	0.298	-23.34	14.35
r37b-s5	5000	771	111	80	89	76	92	116	123	84	0.144	0.104	0.115	0.099	0.119	0.150	0.160	0.109	3.785	1.367	4.157	1.857	132	0.171	277	0.359	-11.91	7.98
r37b-s5	15000	1714	175	250	228	225	234	225	191	186	0.102	0.146	0.133	0.131	0.137	0.131	0.111	0.109	3.752	1.245	3.951	1.890	261	0.152	511	0.298	-19.18	12.31
r37b-s5	29200	1764	172	233	219	252	239	241	226	182	0.098	0.132	0.124	0.143	0.135	0.137	0.128	0.103	3.803	1.233	3.994	1.838	258	0.146	545	0.309	-20.87	12.92

## Azimuthal histogram, r37b (twelve sectors of 30 degrees, equal area; a spread disc reads 0.0833 in each). max/min and the resultant length R_bar say whether the crowd is clumped in angle: R_bar near 0 is even, near 1 is one arc.
arm	t	n	s00	s01	s02	s03	s04	s05	s06	s07	s08	s09	s10	s11	max share	min share	max/min	R_bar
r37b-s1	5000	987	0.074	0.076	0.079	0.085	0.061	0.062	0.094	0.062	0.083	0.105	0.100	0.119	0.119	0.061	1.95	0.104
r37b-s1	15000	1745	0.093	0.083	0.087	0.085	0.077	0.071	0.092	0.088	0.096	0.097	0.071	0.059	0.097	0.059	1.64	0.031
r37b-s1	30000	1674	0.070	0.094	0.106	0.088	0.080	0.084	0.059	0.052	0.082	0.081	0.099	0.105	0.106	0.052	2.03	0.093
r37b-s2	5000	1425	0.105	0.076	0.086	0.090	0.074	0.095	0.062	0.099	0.085	0.065	0.075	0.088	0.105	0.062	1.70	0.026
r37b-s2	15000	1713	0.095	0.090	0.081	0.086	0.060	0.095	0.085	0.067	0.082	0.086	0.076	0.096	0.096	0.060	1.59	0.039
r37b-s2	30000	1735	0.081	0.078	0.088	0.089	0.067	0.071	0.083	0.112	0.089	0.092	0.066	0.084	0.112	0.066	1.70	0.037
r37b-s3	5000	1114	0.066	0.095	0.088	0.100	0.060	0.071	0.082	0.087	0.116	0.095	0.080	0.060	0.116	0.060	1.93	0.037
r37b-s3	15000	1764	0.096	0.083	0.079	0.085	0.084	0.077	0.077	0.076	0.072	0.089	0.083	0.100	0.100	0.072	1.39	0.053
r37b-s3	30000	1840	0.097	0.103	0.098	0.065	0.083	0.078	0.079	0.078	0.068	0.070	0.084	0.096	0.103	0.065	1.58	0.077
r37b-s4	5000	1005	0.094	0.074	0.087	0.100	0.118	0.078	0.082	0.088	0.077	0.054	0.065	0.086	0.118	0.054	2.20	0.086
r37b-s4	15000	1818	0.071	0.089	0.111	0.077	0.084	0.087	0.092	0.085	0.086	0.073	0.074	0.072	0.111	0.071	1.56	0.051
r37b-s4	30000	1782	0.084	0.113	0.087	0.067	0.075	0.063	0.089	0.095	0.095	0.091	0.064	0.078	0.113	0.063	1.79	0.025
r37b-s5	5000	771	0.088	0.057	0.057	0.092	0.078	0.110	0.099	0.130	0.078	0.077	0.056	0.079	0.130	0.056	2.33	0.116
r37b-s5	15000	1714	0.088	0.074	0.064	0.073	0.088	0.101	0.092	0.086	0.089	0.071	0.074	0.100	0.101	0.064	1.57	0.043
r37b-s5	29200	1764	0.079	0.090	0.090	0.066	0.071	0.094	0.075	0.073	0.105	0.082	0.088	0.087	0.105	0.066	1.59	0.034

## Depth histogram, r37b (twelve bins of 5 m from the surface to the bed)
arm	t	n	0..-5	-5..-10	-10..-15	-15..-20	-20..-25	-25..-30	-30..-35	-35..-40	-40..-45	-45..-50	-50..-55	-55..-60	mean depth	sd depth	median depth	share in the top 5 m	share in the bottom 5 m
r37b-s1	5000	987	0.161	0.169	0.168	0.137	0.118	0.100	0.061	0.056	0.023	0.006	0.001	0.000	-16.85	11.33	-15.07	0.161	0.000
r37b-s1	15000	1745	0.120	0.104	0.127	0.159	0.151	0.131	0.117	0.073	0.006	0.005	0.005	0.001	-19.80	11.19	-19.59	0.120	0.001
r37b-s1	30000	1674	0.143	0.133	0.128	0.171	0.161	0.105	0.068	0.029	0.020	0.019	0.014	0.010	-18.73	12.28	-17.99	0.143	0.010
r37b-s2	5000	1425	0.134	0.147	0.204	0.149	0.138	0.137	0.069	0.015	0.007	0.000	0.000	0.000	-16.56	9.51	-15.33	0.134	0.000
r37b-s2	15000	1713	0.089	0.111	0.120	0.110	0.125	0.144	0.161	0.116	0.016	0.006	0.001	0.002	-21.94	11.51	-22.94	0.089	0.002
r37b-s2	30000	1735	0.101	0.116	0.132	0.126	0.139	0.122	0.097	0.069	0.036	0.029	0.017	0.015	-21.84	13.35	-20.92	0.101	0.015
r37b-s3	5000	1114	0.194	0.171	0.210	0.176	0.102	0.060	0.019	0.016	0.012	0.029	0.009	0.002	-14.97	11.26	-13.34	0.194	0.002
r37b-s3	15000	1764	0.125	0.130	0.125	0.115	0.120	0.104	0.079	0.077	0.056	0.032	0.016	0.019	-21.73	14.32	-20.38	0.125	0.019
r37b-s3	30000	1840	0.122	0.108	0.125	0.116	0.139	0.132	0.137	0.073	0.030	0.010	0.004	0.004	-20.72	12.09	-21.13	0.122	0.004
r37b-s4	5000	1005	0.147	0.160	0.174	0.169	0.144	0.109	0.061	0.022	0.008	0.002	0.002	0.001	-16.26	9.93	-15.71	0.147	0.001
r37b-s4	15000	1818	0.120	0.117	0.139	0.114	0.100	0.108	0.118	0.108	0.042	0.017	0.008	0.008	-21.44	13.19	-20.57	0.120	0.008
r37b-s4	30000	1782	0.106	0.100	0.116	0.112	0.116	0.144	0.112	0.058	0.048	0.033	0.031	0.024	-23.34	14.35	-22.87	0.106	0.024
r37b-s5	5000	771	0.220	0.218	0.227	0.175	0.108	0.035	0.006	0.006	0.000	0.004	0.000	0.000	-11.91	7.98	-11.48	0.220	0.000
r37b-s5	15000	1714	0.136	0.127	0.152	0.133	0.148	0.132	0.065	0.040	0.033	0.019	0.009	0.007	-19.18	12.31	-18.23	0.136	0.007
r37b-s5	29200	1764	0.126	0.118	0.130	0.117	0.116	0.132	0.107	0.078	0.041	0.018	0.010	0.006	-20.87	12.92	-20.41	0.126	0.006
