## D3's two-sided reading: the depth band's shape. The median depth and the interquartile range of the living, and of the absorptive bodies alone (stomachs plus mixotrophs), at the three anchors and at the eaters' peak and trough.
arm	window	t	n	median y all	q25 all	q75 all	IQR all	mean y all	sd y all	n absorptive	median y abs	q25 abs	q75 abs	IQR abs	n leaf	median y leaf	IQR leaf	abs median - leaf median
r38-s1	t=5000	5000	1606	-21.54	-33.48	-9.29	-24.18	-21.84	14.30	31	-29.51	-45.45	-16.55	-28.89	1572	-21.50	-24.05	-8.01
r38-s1	t=15000	15000	1635	-27.24	-38.62	-13.21	-25.41	-26.88	16.02	619	-35.47	-47.20	-17.98	-29.21	1014	-23.39	-23.72	-12.07
r38-s1	t=30000	30000	1597	-19.35	-34.95	-9.64	-25.31	-22.98	15.93	6	-21.35	-29.14	-18.82	-10.32	1591	-19.34	-25.36	-2.01
r38-s1	eaters peak	13500	1690	-28.42	-43.41	-13.44	-29.97	-28.90	17.46	725	-39.01	-50.68	-21.78	-28.90	963	-22.44	-24.92	-16.57
r38-s1	eaters trough	23600	1668	-22.55	-34.59	-10.77	-23.82	-23.52	15.04	1	-10.79	-10.79	-10.79	0.00	1665	-22.53	-23.85	11.74
r38-s2	t=5000	5000	1487	-20.99	-31.56	-10.40	-21.16	-21.19	12.74	16	-25.93	-34.41	-20.28	-14.13	1470	-20.90	-21.27	-5.03
r38-s2	t=15000	15000	1569	-22.32	-33.74	-12.07	-21.67	-22.92	13.15	146	-24.10	-35.29	-11.67	-23.62	1423	-22.22	-21.19	-1.88
r38-s2	t=30000	30000	1602	-27.34	-42.22	-12.52	-29.69	-27.83	17.03	303	-45.25	-53.54	-33.00	-20.54	1299	-22.89	-27.20	-22.36
r38-s2	eaters peak	11800	1616	-27.68	-42.35	-12.93	-29.42	-27.94	16.98	599	-37.31	-49.53	-23.56	-25.97	1017	-21.48	-26.93	-15.83
r38-s2	eaters trough	22800	1564	-24.96	-35.66	-11.75	-23.92	-24.67	14.68	0	-	-	-	-	1564	-24.96	-23.92	-
r38-s3	t=5000	5000	1339	-14.94	-29.70	-5.45	-24.25	-18.89	15.34	0	-	-	-	-	1330	-15.04	-24.21	-
r38-s3	t=15000	15000	1462	-26.24	-39.54	-11.44	-28.10	-26.25	16.57	118	-42.62	-50.95	-29.41	-21.54	1344	-24.67	-27.88	-17.95
r38-s3	t=30000	30000	1641	-24.70	-36.15	-12.11	-24.04	-24.10	14.37	15	-33.24	-52.28	-22.45	-29.83	1624	-24.63	-24.18	-8.61
r38-s3	eaters peak	17200	1455	-26.60	-40.33	-11.64	-28.69	-26.56	16.90	294	-42.64	-52.23	-28.55	-23.68	1161	-22.42	-26.96	-20.22
r38-s3	eaters trough	24700	1553	-24.44	-37.92	-11.50	-26.42	-25.22	16.02	3	-26.91	-28.66	-24.88	-3.77	1550	-24.43	-26.44	-2.48
r38-s4	t=5000	5000	1609	-19.94	-31.09	-7.76	-23.33	-20.58	14.20	0	-	-	-	-	1607	-19.95	-23.31	-
r38-s4	t=15000	15000	1716	-27.16	-42.12	-12.32	-29.79	-27.73	17.47	672	-41.14	-51.86	-24.55	-27.31	1041	-20.11	-24.65	-21.03
r38-s4	t=30000	30000	1642	-19.91	-33.19	-10.46	-22.73	-22.83	15.46	2	-33.87	-42.73	-25.01	-17.72	1637	-19.88	-22.74	-13.99
r38-s4	eaters peak	16400	1710	-28.04	-42.27	-12.87	-29.41	-27.97	17.17	703	-38.11	-50.12	-18.50	-31.62	1005	-23.13	-25.59	-14.98
r38-s4	eaters trough	25400	1694	-22.86	-36.31	-11.70	-24.60	-23.89	14.51	2	-31.05	-32.32	-29.79	-2.52	1692	-22.83	-24.64	-8.23
r38-s5	t=5000	5000	1425	-13.52	-24.67	-3.94	-20.73	-16.12	13.88	46	-18.73	-26.94	-12.15	-14.79	1377	-13.30	-20.75	-5.43
r38-s5	t=15000	15000	1663	-26.63	-42.21	-11.44	-30.77	-27.46	18.03	674	-39.07	-51.78	-22.67	-29.11	987	-19.39	-28.17	-19.68
r38-s5	t=30000	30000	1632	-22.50	-35.66	-10.94	-24.72	-23.93	15.61	7	-40.02	-46.40	-28.32	-18.08	1621	-22.49	-24.64	-17.53
r38-s5	eaters peak	14900	1676	-27.13	-43.20	-11.63	-31.57	-27.66	18.07	683	-39.32	-50.89	-22.91	-27.98	991	-20.05	-28.55	-19.27
r38-s5	eaters trough	22800	1618	-20.71	-35.89	-9.04	-26.85	-23.09	16.29	1	-43.03	-43.03	-43.03	0.00	1609	-20.71	-26.83	-22.32

## Comparison, round 37b: the report's own mean depth at the three times ran -13.5 to -23.7 m (s6) and -15.6 to -18.5 (s7); the fresh read's depth histogram is in r37b-fresh-read/radial-hist.tsv. Round 38's report depth m column reads -16.1 to -27.8 at the three anchors.

## Depth histogram (twelve bins of 5 m from the surface to the bed), all bodies
arm	t	n	0..-5	-5..-10	-10..-15	-15..-20	-20..-25	-25..-30	-30..-35	-35..-40	-40..-45	-45..-50	-50..-55	-55..-60	median y	share in the top 5 m	share in the bottom 5 m
r38-s1	5000	1606	0.158	0.111	0.102	0.097	0.111	0.108	0.100	0.100	0.061	0.028	0.018	0.006	-21.54	0.158	0.006
r38-s1	15000	1635	0.095	0.100	0.087	0.094	0.089	0.086	0.102	0.116	0.082	0.069	0.040	0.042	-27.24	0.095	0.042
r38-s1	30000	1597	0.135	0.121	0.105	0.153	0.090	0.076	0.071	0.058	0.060	0.054	0.051	0.027	-19.35	0.135	0.027
r38-s2	5000	1487	0.124	0.116	0.110	0.128	0.117	0.119	0.099	0.124	0.047	0.010	0.004	0.001	-20.99	0.124	0.001
r38-s2	15000	1569	0.099	0.104	0.117	0.124	0.113	0.119	0.108	0.109	0.075	0.016	0.012	0.004	-22.32	0.099	0.004
r38-s2	30000	1602	0.102	0.097	0.089	0.086	0.085	0.086	0.086	0.084	0.085	0.062	0.082	0.056	-27.34	0.102	0.056
r38-s3	5000	1339	0.232	0.147	0.122	0.090	0.087	0.075	0.063	0.046	0.052	0.052	0.028	0.006	-14.94	0.232	0.006
r38-s3	15000	1462	0.119	0.105	0.096	0.072	0.089	0.077	0.101	0.103	0.073	0.081	0.053	0.033	-26.24	0.119	0.033
r38-s3	30000	1641	0.122	0.094	0.099	0.094	0.099	0.106	0.111	0.120	0.102	0.027	0.016	0.010	-24.70	0.122	0.010
r38-s4	5000	1609	0.177	0.121	0.098	0.107	0.112	0.111	0.093	0.080	0.052	0.030	0.015	0.005	-19.94	0.177	0.005
r38-s4	15000	1716	0.122	0.089	0.084	0.083	0.086	0.084	0.082	0.084	0.082	0.065	0.075	0.065	-27.16	0.122	0.065
r38-s4	30000	1642	0.120	0.121	0.126	0.136	0.107	0.086	0.080	0.058	0.043	0.049	0.044	0.030	-19.91	0.120	0.030
r38-s5	5000	1425	0.281	0.140	0.115	0.121	0.099	0.092	0.048	0.029	0.022	0.025	0.020	0.008	-13.52	0.281	0.008
r38-s5	15000	1663	0.143	0.082	0.077	0.090	0.084	0.075	0.066	0.094	0.078	0.066	0.072	0.075	-26.63	0.143	0.075
r38-s5	30000	1632	0.133	0.091	0.115	0.107	0.101	0.094	0.091	0.091	0.066	0.044	0.038	0.029	-22.50	0.133	0.029
